{"commitInfo":{"timestamp":1748426395143,"userId":"5409403212484290","userName":"acharjeerishab@fofdlm.onmicrosoft.com","operation":"WRITE","operationParameters":{"mode":"Overwrite","statsOnLoad":false,"partitionBy":"[]"},"notebook":{"notebookId":"1833971241689003"},"clusterId":"0528-062614-4bed8314","isolationLevel":"WriteSerializable","isBlindAppend":false,"operationMetrics":{"numFiles":"1","numOutputRows":"4","numOutputBytes":"2576"},"tags":{"noRowsCopied":"true","restoresDeletedRows":"false"},"engineInfo":"Databricks-Runtime/15.4.x-scala2.12","txnId":"a859c6cd-ceb2-426f-a040-ad6fcfff06d2"}}
{"metaData":{"id":"925e0894-a8fc-40ec-9248-11a373b46887","format":{"provider":"parquet","options":{}},"schemaString":"{\"type\":\"struct\",\"fields\":[{\"name\":\"order_id\",\"type\":\"integer\",\"nullable\":true,\"metadata\":{}},{\"name\":\"customer_id\",\"type\":\"string\",\"nullable\":true,\"metadata\":{}},{\"name\":\"order_date_str\",\"type\":\"string\",\"nullable\":true,\"metadata\":{}},{\"name\":\"product_price\",\"type\":\"double\",\"nullable\":true,\"metadata\":{}},{\"name\":\"email\",\"type\":\"string\",\"nullable\":true,\"metadata\":{}},{\"name\":\"order_status\",\"type\":\"string\",\"nullable\":true,\"metadata\":{}},{\"name\":\"shipping_date_str\",\"type\":\"string\",\"nullable\":true,\"metadata\":{}}]}","partitionColumns":[],"configuration":{"delta.enableDeletionVectors":"true"},"createdTime":1748426390535}}
{"protocol":{"minReaderVersion":3,"minWriterVersion":7,"readerFeatures":["deletionVectors"],"writerFeatures":["deletionVectors"]}}
{"add":{"path":"part-00000-6377487e-957e-4b73-b755-87335ee39eb8-c000.snappy.parquet","partitionValues":{},"size":2576,"modificationTime":1748426392174,"dataChange":true,"stats":"{\"numRecords\":4,\"minValues\":{\"order_id\":701,\"customer_id\":\"CUST701\",\"order_date_str\":\"2024-07-01\",\"product_price\":5.5,\"email\":\"alpha@example.com\",\"order_status\":\"delivered\",\"shipping_date_str\":\"2024-07-03\"},\"maxValues\":{\"order_id\":703,\"customer_id\":\"CUST704\",\"order_date_str\":\"invalid-date\",\"product_price\":99.0,\"email\":\"zeta@example.com\",\"order_status\":\"shipped\",\"shipping_date_str\":\"2024-07-04\"},\"nullCount\":{\"order_id\":0,\"customer_id\":0,\"order_date_str\":0,\"product_price\":0,\"email\":0,\"order_status\":0,\"shipping_date_str\":1},\"tightBounds\":true}","tags":{"INSERTION_TIME":"1748426392174000","MIN_INSERTION_TIME":"1748426392174000","MAX_INSERTION_TIME":"1748426392174000","OPTIMIZE_TARGET_SIZE":"268435456"}}}
