{"order_id":701,"customer_id":"CUST701","order_date_str":"2024-07-01","product_price":10.99,"email":"alpha@example.com","order_status":"shipped","shipping_date_str":"2024-07-03"}
{"order_id":702,"customer_id":"CUST702","order_date_str":"2024-07-01","product_price":5.5,"email":"beta@example.com","order_status":"pending"}
{"order_id":703,"customer_id":"CUST703","order_date_str":"invalid-date","product_price":20.0,"email":"gamma@example.com","order_status":"shipped","shipping_date_str":"2024-07-04"}
{"order_id":701,"customer_id":"CUST704","order_date_str":"2024-07-02","product_price":99.0,"email":"zeta@example.com","order_status":"delivered","shipping_date_str":"2024-07-03"}
